Zancada,Inicio,Fin,Duracion_s
1,00:01.828125,00:02.953125,1.125
2,00:02.953125,00:04.078125,1.125
3,00:04.078125,00:05.187500,1.1094
